ad_id,page_name,ad_creative_body,impressions,clicks,ctr,topic,style
syn_00000,صفحه فروشگاه آنلاین,فروشگاه آنلاین را همین حالا ساده‌تر کنید. زمان را ذخیره کنید. اطلاعات بیشتر.,33004,628,0.019027996606471944,فروشگاه آنلاین,کوتاه و مستقیم
syn_00001,صفحه اپلیکیشن مالی,هفته پیش به دنبال اپلیکیشن مالی بودم و یک راه بهتر پیدا کردم. نتیجه را سریع‌تر ببینید. اکنون ثبت‌نام کنید.,22392,352,0.015719899964272956,اپلیکیشن مالی,داستانی
syn_00002,صفحه سلامت و تندرستی,راه سریع برای سلامت و تندرستی. زمان را ذخیره کنید. اطلاعات بیشتر.,26050,464,0.017811900191938578,سلامت و تندرستی,کوتاه و مستقیم
syn_00003,صفحه فروشگاه آنلاین,چند قدم ساده برای بهبود فروشگاه آنلاین. کیفیت را بالا ببرید. همین امروز امتحان کنید.,7103,149,0.02097705194988033,فروشگاه آنلاین,توصیه‌محور
syn_00004,صفحه کتاب و آموزش,کتاب و آموزش را همین حالا ساده‌تر کنید. کیفیت را بالا ببرید. اکنون ثبت‌نام کنید.,44484,795,0.01787159428108983,کتاب و آموزش,کوتاه و مستقیم
syn_00005,صفحه گردشگری,راه سریع برای گردشگری. زمان را ذخیره کنید. شروع کنید.,3939,63,0.015993907083015995,گردشگری,کوتاه و مستقیم
syn_00006,صفحه گردشگری,چند قدم ساده برای بهبود گردشگری. هزینه‌ها را کاهش دهید. اکنون ثبت‌نام کنید.,27691,529,0.01910367989599509,گردشگری,توصیه‌محور
syn_00007,صفحه کسب‌وکار محلی,آیا می‌خواهید کسب‌وکار محلی را بهتر انجام دهید؟ نتیجه را سریع‌تر ببینید. همین امروز امتحان کنید.,8391,165,0.01966392563460851,کسب‌وکار محلی,پرسشی
syn_00008,صفحه سلامت و تندرستی,چند قدم ساده برای بهبود سلامت و تندرستی. نتیجه را سریع‌تر ببینید. جزئیات بیشتر.,39947,752,0.018824943049540643,سلامت و تندرستی,توصیه‌محور
syn_00009,صفحه اپلیکیشن مالی,هفته پیش به دنبال اپلیکیشن مالی بودم و یک راه بهتر پیدا کردم. هزینه‌ها را کاهش دهید. اکنون ثبت‌نام کنید.,10121,151,0.014919474360241082,اپلیکیشن مالی,داستانی
syn_00010,صفحه ورزش و فیتنس,راه سریع برای ورزش و فیتنس. زمان را ذخیره کنید. همین امروز امتحان کنید.,38577,725,0.018793581667833164,ورزش و فیتنس,کوتاه و مستقیم
syn_00011,صفحه غذا و نوشیدنی,غذا و نوشیدنی را همین حالا ساده‌تر کنید. کیفیت را بالا ببرید. جزئیات بیشتر.,41747,814,0.01949840707116679,غذا و نوشیدنی,کوتاه و مستقیم
syn_00012,صفحه ورزش و فیتنس,آیا می‌خواهید ورزش و فیتنس را بهتر انجام دهید؟ کیفیت را بالا ببرید. همین امروز امتحان کنید.,40401,838,0.020742060840078215,ورزش و فیتنس,پرسشی
syn_00013,صفحه کسب‌وکار محلی,کسب‌وکار محلی را همین حالا ساده‌تر کنید. هزینه‌ها را کاهش دهید. خرید کنید.,1162,21,0.018072289156626505,کسب‌وکار محلی,کوتاه و مستقیم
syn_00014,صفحه فروشگاه آنلاین,آیا می‌خواهید فروشگاه آنلاین را بهتر انجام دهید؟ کیفیت را بالا ببرید. اطلاعات بیشتر.,25675,493,0.01920155793573515,فروشگاه آنلاین,پرسشی
syn_00015,صفحه ورزش و فیتنس,هفته پیش به دنبال ورزش و فیتنس بودم و یک راه بهتر پیدا کردم. نتیجه را سریع‌تر ببینید. اطلاعات بیشتر.,28782,473,0.016433882287540825,ورزش و فیتنس,داستانی
syn_00016,صفحه فروشگاه آنلاین,فروشگاه آنلاین را همین حالا ساده‌تر کنید. هزینه‌ها را کاهش دهید. اطلاعات بیشتر.,29070,513,0.01764705882352941,فروشگاه آنلاین,کوتاه و مستقیم
syn_00017,صفحه گردشگری,آیا می‌خواهید گردشگری را بهتر انجام دهید؟ زمان را ذخیره کنید. همین امروز امتحان کنید.,32028,670,0.020919195703759212,گردشگری,پرسشی
syn_00018,صفحه گردشگری,راه سریع برای گردشگری. نتیجه را سریع‌تر ببینید. خرید کنید.,14406,240,0.01665972511453561,گردشگری,کوتاه و مستقیم
syn_00019,صفحه اپلیکیشن مالی,چند قدم ساده برای بهبود اپلیکیشن مالی. هزینه‌ها را کاهش دهید. اطلاعات بیشتر.,20899,341,0.01631657017082157,اپلیکیشن مالی,توصیه‌محور
syn_00020,صفحه ورزش و فیتنس,هفته پیش به دنبال ورزش و فیتنس بودم و یک راه بهتر پیدا کردم. زمان را ذخیره کنید. جزئیات بیشتر.,7013,133,0.018964779694852416,ورزش و فیتنس,داستانی
syn_00021,صفحه ورزش و فیتنس,وقتی برای ورزش و فیتنس زمان ندارید، این راه کمک می‌کند. کیفیت را بالا ببرید. اطلاعات بیشتر.,28205,468,0.016592802694557703,ورزش و فیتنس,داستانی
syn_00022,صفحه اپلیکیشن مالی,راه سریع برای اپلیکیشن مالی. زمان را ذخیره کنید. شروع کنید.,35081,397,0.011316667141757646,اپلیکیشن مالی,کوتاه و مستقیم
syn_00023,صفحه سلامت و تندرستی,وقتی برای سلامت و تندرستی زمان ندارید، این راه کمک می‌کند. نتیجه را سریع‌تر ببینید. اکنون ثبت‌نام کنید.,23524,406,0.01725896956299949,سلامت و تندرستی,داستانی
syn_00024,صفحه کسب‌وکار محلی,این توصیه‌ها برای کسب‌وکار محلی واقعاً جواب می‌دهند. نتیجه را سریع‌تر ببینید. جزئیات بیشتر.,12547,240,0.019128078425121542,کسب‌وکار محلی,توصیه‌محور
syn_00025,صفحه گردشگری,آیا می‌خواهید گردشگری را بهتر انجام دهید؟ زمان را ذخیره کنید. همین امروز امتحان کنید.,15634,242,0.015479084047588588,گردشگری,پرسشی
syn_00026,صفحه گردشگری,راه سریع برای گردشگری. زمان را ذخیره کنید. جزئیات بیشتر.,25157,350,0.0139126286918154,گردشگری,کوتاه و مستقیم
syn_00027,صفحه غذا و نوشیدنی,آیا می‌خواهید غذا و نوشیدنی را بهتر انجام دهید؟ زمان را ذخیره کنید. همین امروز امتحان کنید.,35225,629,0.017856635911994323,غذا و نوشیدنی,پرسشی
syn_00028,صفحه گردشگری,آیا می‌خواهید گردشگری را بهتر انجام دهید؟ نتیجه را سریع‌تر ببینید. اکنون ثبت‌نام کنید.,4699,71,0.015109597786763141,گردشگری,پرسشی
syn_00029,صفحه کسب‌وکار محلی,چند قدم ساده برای بهبود کسب‌وکار محلی. زمان را ذخیره کنید. اطلاعات بیشتر.,5542,80,0.014435221941537351,کسب‌وکار محلی,توصیه‌محور
syn_00030,صفحه کسب‌وکار محلی,هفته پیش به دنبال کسب‌وکار محلی بودم و یک راه بهتر پیدا کردم. هزینه‌ها را کاهش دهید. جزئیات بیشتر.,23589,381,0.016151596082920005,کسب‌وکار محلی,داستانی
syn_00031,صفحه سلامت و تندرستی,وقتی برای سلامت و تندرستی زمان ندارید، این راه کمک می‌کند. زمان را ذخیره کنید. اطلاعات بیشتر.,42945,809,0.01883804866689952,سلامت و تندرستی,داستانی
syn_00032,صفحه اپلیکیشن مالی,این توصیه‌ها برای اپلیکیشن مالی واقعاً جواب می‌دهند. نتیجه را سریع‌تر ببینید. شروع کنید.,31734,582,0.018339950841368878,اپلیکیشن مالی,توصیه‌محور
syn_00033,صفحه غذا و نوشیدنی,چطور می‌شود در غذا و نوشیدنی سریع‌تر پیش رفت؟ کیفیت را بالا ببرید. اکنون ثبت‌نام کنید.,4954,120,0.024222850222042795,غذا و نوشیدنی,پرسشی
syn_00034,صفحه سلامت و تندرستی,چند قدم ساده برای بهبود سلامت و تندرستی. کیفیت را بالا ببرید. همین امروز امتحان کنید.,9419,180,0.01911030894999469,سلامت و تندرستی,توصیه‌محور
syn_00035,صفحه کتاب و آموزش,راه سریع برای کتاب و آموزش. نتیجه را سریع‌تر ببینید. اکنون ثبت‌نام کنید.,29712,507,0.017063812600969307,کتاب و آموزش,کوتاه و مستقیم
syn_00036,صفحه سلامت و تندرستی,این توصیه‌ها برای سلامت و تندرستی واقعاً جواب می‌دهند. زمان را ذخیره کنید. شروع کنید.,8253,145,0.017569368714406883,سلامت و تندرستی,توصیه‌محور
syn_00037,صفحه فروشگاه آنلاین,این توصیه‌ها برای فروشگاه آنلاین واقعاً جواب می‌دهند. کیفیت را بالا ببرید. خرید کنید.,47961,954,0.01989116156877463,فروشگاه آنلاین,توصیه‌محور
syn_00038,صفحه کسب‌وکار محلی,چطور می‌شود در کسب‌وکار محلی سریع‌تر پیش رفت؟ کیفیت را بالا ببرید. شروع کنید.,8722,193,0.022127952304517313,کسب‌وکار محلی,پرسشی
syn_00039,صفحه کتاب و آموزش,راه سریع برای کتاب و آموزش. نتیجه را سریع‌تر ببینید. اطلاعات بیشتر.,28929,486,0.0167997511147983,کتاب و آموزش,کوتاه و مستقیم
syn_00040,صفحه اپلیکیشن مالی,آیا می‌خواهید اپلیکیشن مالی را بهتر انجام دهید؟ کیفیت را بالا ببرید. همین امروز امتحان کنید.,18692,394,0.021078536272202013,اپلیکیشن مالی,پرسشی
syn_00041,صفحه اپلیکیشن مالی,چند قدم ساده برای بهبود اپلیکیشن مالی. کیفیت را بالا ببرید. اکنون ثبت‌نام کنید.,41453,633,0.015270306129833787,اپلیکیشن مالی,توصیه‌محور
syn_00042,صفحه کسب‌وکار محلی,راه سریع برای کسب‌وکار محلی. زمان را ذخیره کنید. اطلاعات بیشتر.,36730,632,0.01720664307105908,کسب‌وکار محلی,کوتاه و مستقیم
syn_00043,صفحه اپلیکیشن مالی,هفته پیش به دنبال اپلیکیشن مالی بودم و یک راه بهتر پیدا کردم. زمان را ذخیره کنید. شروع کنید.,36568,635,0.01736490921023846,اپلیکیشن مالی,داستانی
syn_00044,صفحه فروشگاه آنلاین,آیا می‌خواهید فروشگاه آنلاین را بهتر انجام دهید؟ نتیجه را سریع‌تر ببینید. اطلاعات بیشتر.,27702,491,0.017724352032344234,فروشگاه آنلاین,پرسشی
syn_00045,صفحه گردشگری,هفته پیش به دنبال گردشگری بودم و یک راه بهتر پیدا کردم. هزینه‌ها را کاهش دهید. جزئیات بیشتر.,19049,375,0.01968607275972492,گردشگری,داستانی
syn_00046,صفحه سلامت و تندرستی,راه سریع برای سلامت و تندرستی. هزینه‌ها را کاهش دهید. شروع کنید.,9690,153,0.015789473684210527,سلامت و تندرستی,کوتاه و مستقیم
syn_00047,صفحه ورزش و فیتنس,این توصیه‌ها برای ورزش و فیتنس واقعاً جواب می‌دهند. نتیجه را سریع‌تر ببینید. همین امروز امتحان کنید.,8898,149,0.01674533603056867,ورزش و فیتنس,توصیه‌محور
syn_00048,صفحه فروشگاه آنلاین,آیا می‌خواهید فروشگاه آنلاین را بهتر انجام دهید؟ زمان را ذخیره کنید. جزئیات بیشتر.,17310,370,0.021374927787406125,فروشگاه آنلاین,پرسشی
syn_00049,صفحه گردشگری,گردشگری را همین حالا ساده‌تر کنید. هزینه‌ها را کاهش دهید. اکنون ثبت‌نام کنید.,33353,672,0.020148112613558002,گردشگری,کوتاه و مستقیم
syn_00050,صفحه فروشگاه آنلاین,راه سریع برای فروشگاه آنلاین. نتیجه را سریع‌تر ببینید. اطلاعات بیشتر.,2370,35,0.014767932489451477,فروشگاه آنلاین,کوتاه و مستقیم
syn_00051,صفحه کسب‌وکار محلی,راه سریع برای کسب‌وکار محلی. نتیجه را سریع‌تر ببینید. شروع کنید.,6839,103,0.015060681386167568,کسب‌وکار محلی,کوتاه و مستقیم
syn_00052,صفحه سلامت و تندرستی,هفته پیش به دنبال سلامت و تندرستی بودم و یک راه بهتر پیدا کردم. زمان را ذخیره کنید. اطلاعات بیشتر.,25365,444,0.017504435245416915,سلامت و تندرستی,داستانی
syn_00053,صفحه کسب‌وکار محلی,هفته پیش به دنبال کسب‌وکار محلی بودم و یک راه بهتر پیدا کردم. کیفیت را بالا ببرید. جزئیات بیشتر.,25436,507,0.019932379304922157,کسب‌وکار محلی,داستانی
syn_00054,صفحه غذا و نوشیدنی,وقتی برای غذا و نوشیدنی زمان ندارید، این راه کمک می‌کند. نتیجه را سریع‌تر ببینید. شروع کنید.,15389,200,0.012996296055624147,غذا و نوشیدنی,داستانی
syn_00055,صفحه گردشگری,آیا می‌خواهید گردشگری را بهتر انجام دهید؟ کیفیت را بالا ببرید. خرید کنید.,25711,529,0.020574851230990628,گردشگری,پرسشی
syn_00056,صفحه ورزش و فیتنس,چند قدم ساده برای بهبود ورزش و فیتنس. زمان را ذخیره کنید. شروع کنید.,48677,830,0.017051174065780553,ورزش و فیتنس,توصیه‌محور
syn_00057,صفحه کسب‌وکار محلی,راه سریع برای کسب‌وکار محلی. کیفیت را بالا ببرید. اکنون ثبت‌نام کنید.,15606,305,0.019543765218505704,کسب‌وکار محلی,کوتاه و مستقیم
syn_00058,صفحه گردشگری,گردشگری را همین حالا ساده‌تر کنید. کیفیت را بالا ببرید. جزئیات بیشتر.,30169,565,0.01872783320627134,گردشگری,کوتاه و مستقیم
syn_00059,صفحه کتاب و آموزش,هفته پیش به دنبال کتاب و آموزش بودم و یک راه بهتر پیدا کردم. نتیجه را سریع‌تر ببینید. شروع کنید.,28115,495,0.01760626000355682,کتاب و آموزش,داستانی
syn_00060,صفحه گردشگری,گردشگری را همین حالا ساده‌تر کنید. نتیجه را سریع‌تر ببینید. همین امروز امتحان کنید.,9728,216,0.022203947368421052,گردشگری,کوتاه و مستقیم
syn_00061,صفحه کتاب و آموزش,وقتی برای کتاب و آموزش زمان ندارید، این راه کمک می‌کند. هزینه‌ها را کاهش دهید. همین امروز امتحان کنید.,46704,780,0.01670092497430627,کتاب و آموزش,داستانی
syn_00062,صفحه کتاب و آموزش,آیا می‌خواهید کتاب و آموزش را بهتر انجام دهید؟ هزینه‌ها را کاهش دهید. همین امروز امتحان کنید.,13125,238,0.018133333333333335,کتاب و آموزش,پرسشی
syn_00063,صفحه گردشگری,چطور می‌شود در گردشگری سریع‌تر پیش رفت؟ زمان را ذخیره کنید. اطلاعات بیشتر.,40003,734,0.01834862385321101,گردشگری,پرسشی
syn_00064,صفحه کسب‌وکار محلی,وقتی برای کسب‌وکار محلی زمان ندارید، این راه کمک می‌کند. زمان را ذخیره کنید. شروع کنید.,6649,114,0.017145435403820124,کسب‌وکار محلی,داستانی
syn_00065,صفحه سلامت و تندرستی,این توصیه‌ها برای سلامت و تندرستی واقعاً جواب می‌دهند. کیفیت را بالا ببرید. اکنون ثبت‌نام کنید.,19209,292,0.015201207767192462,سلامت و تندرستی,توصیه‌محور
syn_00066,صفحه کسب‌وکار محلی,این توصیه‌ها برای کسب‌وکار محلی واقعاً جواب می‌دهند. زمان را ذخیره کنید. اکنون ثبت‌نام کنید.,49733,761,0.015301711137474111,کسب‌وکار محلی,توصیه‌محور
syn_00067,صفحه فروشگاه آنلاین,راه سریع برای فروشگاه آنلاین. هزینه‌ها را کاهش دهید. اطلاعات بیشتر.,37503,621,0.01655867530597552,فروشگاه آنلاین,کوتاه و مستقیم
syn_00068,صفحه غذا و نوشیدنی,چطور می‌شود در غذا و نوشیدنی سریع‌تر پیش رفت؟ هزینه‌ها را کاهش دهید. خرید کنید.,16481,359,0.021782658819246403,غذا و نوشیدنی,پرسشی
syn_00069,صفحه غذا و نوشیدنی,این توصیه‌ها برای غذا و نوشیدنی واقعاً جواب می‌دهند. نتیجه را سریع‌تر ببینید. اطلاعات بیشتر.,16068,312,0.019417475728155338,غذا و نوشیدنی,توصیه‌محور
syn_00070,صفحه کتاب و آموزش,راه سریع برای کتاب و آموزش. نتیجه را سریع‌تر ببینید. همین امروز امتحان کنید.,27381,413,0.01508345202877908,کتاب و آموزش,کوتاه و مستقیم
syn_00071,صفحه غذا و نوشیدنی,آیا می‌خواهید غذا و نوشیدنی را بهتر انجام دهید؟ نتیجه را سریع‌تر ببینید. همین امروز امتحان کنید.,1840,26,0.014130434782608696,غذا و نوشیدنی,پرسشی
syn_00072,صفحه گردشگری,هفته پیش به دنبال گردشگری بودم و یک راه بهتر پیدا کردم. زمان را ذخیره کنید. اکنون ثبت‌نام کنید.,37011,681,0.018399935154413554,گردشگری,داستانی
syn_00073,صفحه کسب‌وکار محلی,وقتی برای کسب‌وکار محلی زمان ندارید، این راه کمک می‌کند. هزینه‌ها را کاهش دهید. خرید کنید.,43850,767,0.01749144811858609,کسب‌وکار محلی,داستانی
syn_00074,صفحه سلامت و تندرستی,چطور می‌شود در سلامت و تندرستی سریع‌تر پیش رفت؟ زمان را ذخیره کنید. خرید کنید.,14688,306,0.020833333333333332,سلامت و تندرستی,پرسشی
syn_00075,صفحه گردشگری,گردشگری را همین حالا ساده‌تر کنید. هزینه‌ها را کاهش دهید. خرید کنید.,3223,39,0.012100527458889234,گردشگری,کوتاه و مستقیم
syn_00076,صفحه فروشگاه آنلاین,فروشگاه آنلاین را همین حالا ساده‌تر کنید. نتیجه را سریع‌تر ببینید. اطلاعات بیشتر.,16578,259,0.015623114971649173,فروشگاه آنلاین,کوتاه و مستقیم
syn_00077,صفحه کتاب و آموزش,راه سریع برای کتاب و آموزش. هزینه‌ها را کاهش دهید. اکنون ثبت‌نام کنید.,40259,697,0.017312898979110262,کتاب و آموزش,کوتاه و مستقیم
syn_00078,صفحه سلامت و تندرستی,این توصیه‌ها برای سلامت و تندرستی واقعاً جواب می‌دهند. هزینه‌ها را کاهش دهید. خرید کنید.,39379,535,0.013585921430203915,سلامت و تندرستی,توصیه‌محور
syn_00079,صفحه کسب‌وکار محلی,هفته پیش به دنبال کسب‌وکار محلی بودم و یک راه بهتر پیدا کردم. هزینه‌ها را کاهش دهید. خرید کنید.,19746,350,0.01772510888281171,کسب‌وکار محلی,داستانی
syn_00080,صفحه کتاب و آموزش,هفته پیش به دنبال کتاب و آموزش بودم و یک راه بهتر پیدا کردم. نتیجه را سریع‌تر ببینید. خرید کنید.,17441,382,0.02190241385241672,کتاب و آموزش,داستانی
syn_00081,صفحه کتاب و آموزش,این توصیه‌ها برای کتاب و آموزش واقعاً جواب می‌دهند. نتیجه را سریع‌تر ببینید. جزئیات بیشتر.,18881,305,0.016153805412848894,کتاب و آموزش,توصیه‌محور
syn_00082,صفحه کسب‌وکار محلی,چطور می‌شود در کسب‌وکار محلی سریع‌تر پیش رفت؟ زمان را ذخیره کنید. خرید کنید.,33805,783,0.023162254104422422,کسب‌وکار محلی,پرسشی
syn_00083,صفحه کسب‌وکار محلی,هفته پیش به دنبال کسب‌وکار محلی بودم و یک راه بهتر پیدا کردم. هزینه‌ها را کاهش دهید. اکنون ثبت‌نام کنید.,45884,874,0.019048034173132247,کسب‌وکار محلی,داستانی
syn_00084,صفحه اپلیکیشن مالی,هفته پیش به دنبال اپلیکیشن مالی بودم و یک راه بهتر پیدا کردم. کیفیت را بالا ببرید. همین امروز امتحان کنید.,28009,579,0.020671926880645508,اپلیکیشن مالی,داستانی
syn_00085,صفحه کتاب و آموزش,آیا می‌خواهید کتاب و آموزش را بهتر انجام دهید؟ زمان را ذخیره کنید. همین امروز امتحان کنید.,27009,573,0.021215150505387092,کتاب و آموزش,پرسشی
syn_00086,صفحه کتاب و آموزش,این توصیه‌ها برای کتاب و آموزش واقعاً جواب می‌دهند. کیفیت را بالا ببرید. شروع کنید.,47663,804,0.016868430438705076,کتاب و آموزش,توصیه‌محور
syn_00087,صفحه سلامت و تندرستی,راه سریع برای سلامت و تندرستی. زمان را ذخیره کنید. شروع کنید.,31027,650,0.020949495600605925,سلامت و تندرستی,کوتاه و مستقیم
syn_00088,صفحه فروشگاه آنلاین,وقتی برای فروشگاه آنلاین زمان ندارید، این راه کمک می‌کند. نتیجه را سریع‌تر ببینید. همین امروز امتحان کنید.,9134,140,0.015327348368732209,فروشگاه آنلاین,داستانی
syn_00089,صفحه فروشگاه آنلاین,وقتی برای فروشگاه آنلاین زمان ندارید، این راه کمک می‌کند. نتیجه را سریع‌تر ببینید. خرید کنید.,40203,705,0.017536004775763003,فروشگاه آنلاین,داستانی
syn_00090,صفحه فروشگاه آنلاین,وقتی برای فروشگاه آنلاین زمان ندارید، این راه کمک می‌کند. هزینه‌ها را کاهش دهید. شروع کنید.,1186,24,0.02023608768971332,فروشگاه آنلاین,داستانی
syn_00091,صفحه کتاب و آموزش,راه سریع برای کتاب و آموزش. نتیجه را سریع‌تر ببینید. خرید کنید.,28963,543,0.018748057866933673,کتاب و آموزش,کوتاه و مستقیم
syn_00092,صفحه ورزش و فیتنس,چطور می‌شود در ورزش و فیتنس سریع‌تر پیش رفت؟ هزینه‌ها را کاهش دهید. اکنون ثبت‌نام کنید.,42376,801,0.01890220879743251,ورزش و فیتنس,پرسشی
syn_00093,صفحه ورزش و فیتنس,وقتی برای ورزش و فیتنس زمان ندارید، این راه کمک می‌کند. نتیجه را سریع‌تر ببینید. جزئیات بیشتر.,6690,124,0.018535127055306428,ورزش و فیتنس,داستانی
syn_00094,صفحه غذا و نوشیدنی,وقتی برای غذا و نوشیدنی زمان ندارید، این راه کمک می‌کند. زمان را ذخیره کنید. اطلاعات بیشتر.,36742,722,0.019650536171139297,غذا و نوشیدنی,داستانی
syn_00095,صفحه اپلیکیشن مالی,این توصیه‌ها برای اپلیکیشن مالی واقعاً جواب می‌دهند. هزینه‌ها را کاهش دهید. جزئیات بیشتر.,17214,307,0.01783432090159173,اپلیکیشن مالی,توصیه‌محور
syn_00096,صفحه فروشگاه آنلاین,فروشگاه آنلاین را همین حالا ساده‌تر کنید. کیفیت را بالا ببرید. خرید کنید.,28106,553,0.019675514125097843,فروشگاه آنلاین,کوتاه و مستقیم
syn_00097,صفحه فروشگاه آنلاین,فروشگاه آنلاین را همین حالا ساده‌تر کنید. نتیجه را سریع‌تر ببینید. شروع کنید.,22344,328,0.014679556032939491,فروشگاه آنلاین,کوتاه و مستقیم
syn_00098,صفحه گردشگری,آیا می‌خواهید گردشگری را بهتر انجام دهید؟ زمان را ذخیره کنید. اکنون ثبت‌نام کنید.,7684,192,0.024986985944820406,گردشگری,پرسشی
syn_00099,صفحه ورزش و فیتنس,ورزش و فیتنس را همین حالا ساده‌تر کنید. کیفیت را بالا ببرید. اکنون ثبت‌نام کنید.,19316,355,0.0183785462828743,ورزش و فیتنس,کوتاه و مستقیم
syn_00100,صفحه ورزش و فیتنس,چطور می‌شود در ورزش و فیتنس سریع‌تر پیش رفت؟ هزینه‌ها را کاهش دهید. اکنون ثبت‌نام کنید.,6838,124,0.018133957297455396,ورزش و فیتنس,پرسشی
syn_00101,صفحه کسب‌وکار محلی,آیا می‌خواهید کسب‌وکار محلی را بهتر انجام دهید؟ زمان را ذخیره کنید. شروع کنید.,6798,115,0.016916740217711092,کسب‌وکار محلی,پرسشی
syn_00102,صفحه کتاب و آموزش,چطور می‌شود در کتاب و آموزش سریع‌تر پیش رفت؟ زمان را ذخیره کنید. اطلاعات بیشتر.,1394,33,0.023672883787661407,کتاب و آموزش,پرسشی
syn_00103,صفحه فروشگاه آنلاین,وقتی برای فروشگاه آنلاین زمان ندارید، این راه کمک می‌کند. زمان را ذخیره کنید. جزئیات بیشتر.,15654,263,0.0168008176823815,فروشگاه آنلاین,داستانی
syn_00104,صفحه فروشگاه آنلاین,فروشگاه آنلاین را همین حالا ساده‌تر کنید. هزینه‌ها را کاهش دهید. اطلاعات بیشتر.,34477,629,0.01824404675580822,فروشگاه آنلاین,کوتاه و مستقیم
syn_00105,صفحه سلامت و تندرستی,آیا می‌خواهید سلامت و تندرستی را بهتر انجام دهید؟ کیفیت را بالا ببرید. جزئیات بیشتر.,14768,274,0.018553629469122427,سلامت و تندرستی,پرسشی
syn_00106,صفحه گردشگری,چطور می‌شود در گردشگری سریع‌تر پیش رفت؟ زمان را ذخیره کنید. اکنون ثبت‌نام کنید.,12899,253,0.019613923559965888,گردشگری,پرسشی
syn_00107,صفحه اپلیکیشن مالی,این توصیه‌ها برای اپلیکیشن مالی واقعاً جواب می‌دهند. زمان را ذخیره کنید. جزئیات بیشتر.,12648,275,0.021742567994939913,اپلیکیشن مالی,توصیه‌محور
syn_00108,صفحه کتاب و آموزش,راه سریع برای کتاب و آموزش. کیفیت را بالا ببرید. اطلاعات بیشتر.,1069,12,0.011225444340505144,کتاب و آموزش,کوتاه و مستقیم
syn_00109,صفحه غذا و نوشیدنی,چطور می‌شود در غذا و نوشیدنی سریع‌تر پیش رفت؟ هزینه‌ها را کاهش دهید. همین امروز امتحان کنید.,1067,21,0.019681349578256794,غذا و نوشیدنی,پرسشی
syn_00110,صفحه کتاب و آموزش,چطور می‌شود در کتاب و آموزش سریع‌تر پیش رفت؟ هزینه‌ها را کاهش دهید. اکنون ثبت‌نام کنید.,14959,232,0.015509058092118458,کتاب و آموزش,پرسشی
syn_00111,صفحه اپلیکیشن مالی,وقتی برای اپلیکیشن مالی زمان ندارید، این راه کمک می‌کند. زمان را ذخیره کنید. اطلاعات بیشتر.,42590,746,0.01751584879079596,اپلیکیشن مالی,داستانی
syn_00112,صفحه کسب‌وکار محلی,این توصیه‌ها برای کسب‌وکار محلی واقعاً جواب می‌دهند. کیفیت را بالا ببرید. شروع کنید.,6395,108,0.016888193901485535,کسب‌وکار محلی,توصیه‌محور
syn_00113,صفحه کتاب و آموزش,راه سریع برای کتاب و آموزش. کیفیت را بالا ببرید. همین امروز امتحان کنید.,6946,140,0.020155485171321624,کتاب و آموزش,کوتاه و مستقیم
syn_00114,صفحه سلامت و تندرستی,راه سریع برای سلامت و تندرستی. کیفیت را بالا ببرید. جزئیات بیشتر.,3408,50,0.014671361502347418,سلامت و تندرستی,کوتاه و مستقیم
syn_00115,صفحه سلامت و تندرستی,چند قدم ساده برای بهبود سلامت و تندرستی. هزینه‌ها را کاهش دهید. اکنون ثبت‌نام کنید.,10297,245,0.02379333786539769,سلامت و تندرستی,توصیه‌محور
syn_00116,صفحه کتاب و آموزش,آیا می‌خواهید کتاب و آموزش را بهتر انجام دهید؟ زمان را ذخیره کنید. جزئیات بیشتر.,1015,23,0.022660098522167486,کتاب و آموزش,پرسشی
syn_00117,صفحه کتاب و آموزش,چطور می‌شود در کتاب و آموزش سریع‌تر پیش رفت؟ هزینه‌ها را کاهش دهید. اکنون ثبت‌نام کنید.,2883,50,0.01734304543877905,کتاب و آموزش,پرسشی
syn_00118,صفحه گردشگری,گردشگری را همین حالا ساده‌تر کنید. نتیجه را سریع‌تر ببینید. جزئیات بیشتر.,19317,324,0.01677279080602578,گردشگری,کوتاه و مستقیم
syn_00119,صفحه غذا و نوشیدنی,هفته پیش به دنبال غذا و نوشیدنی بودم و یک راه بهتر پیدا کردم. هزینه‌ها را کاهش دهید. اکنون ثبت‌نام کنید.,49017,902,0.01840177897464145,غذا و نوشیدنی,داستانی
syn_00120,صفحه سلامت و تندرستی,هفته پیش به دنبال سلامت و تندرستی بودم و یک راه بهتر پیدا کردم. هزینه‌ها را کاهش دهید. خرید کنید.,27429,572,0.020853840825403768,سلامت و تندرستی,داستانی
syn_00121,صفحه کتاب و آموزش,وقتی برای کتاب و آموزش زمان ندارید، این راه کمک می‌کند. هزینه‌ها را کاهش دهید. اطلاعات بیشتر.,15626,282,0.018046845001919876,کتاب و آموزش,داستانی
syn_00122,صفحه ورزش و فیتنس,این توصیه‌ها برای ورزش و فیتنس واقعاً جواب می‌دهند. نتیجه را سریع‌تر ببینید. اطلاعات بیشتر.,7163,155,0.0216389780818093,ورزش و فیتنس,توصیه‌محور
syn_00123,صفحه گردشگری,آیا می‌خواهید گردشگری را بهتر انجام دهید؟ زمان را ذخیره کنید. اکنون ثبت‌نام کنید.,6665,149,0.022355588897224304,گردشگری,پرسشی
syn_00124,صفحه فروشگاه آنلاین,این توصیه‌ها برای فروشگاه آنلاین واقعاً جواب می‌دهند. کیفیت را بالا ببرید. همین امروز امتحان کنید.,48595,893,0.0183763761703879,فروشگاه آنلاین,توصیه‌محور
syn_00125,صفحه کسب‌وکار محلی,هفته پیش به دنبال کسب‌وکار محلی بودم و یک راه بهتر پیدا کردم. زمان را ذخیره کنید. اکنون ثبت‌نام کنید.,21061,305,0.014481743506955984,کسب‌وکار محلی,داستانی
syn_00126,صفحه کسب‌وکار محلی,آیا می‌خواهید کسب‌وکار محلی را بهتر انجام دهید؟ نتیجه را سریع‌تر ببینید. جزئیات بیشتر.,24281,461,0.018986038466290517,کسب‌وکار محلی,پرسشی
syn_00127,صفحه گردشگری,وقتی برای گردشگری زمان ندارید، این راه کمک می‌کند. هزینه‌ها را کاهش دهید. همین امروز امتحان کنید.,24127,477,0.01977038173001202,گردشگری,داستانی
syn_00128,صفحه گردشگری,چند قدم ساده برای بهبود گردشگری. نتیجه را سریع‌تر ببینید. جزئیات بیشتر.,17660,306,0.017327293318233294,گردشگری,توصیه‌محور
syn_00129,صفحه اپلیکیشن مالی,راه سریع برای اپلیکیشن مالی. کیفیت را بالا ببرید. جزئیات بیشتر.,27817,644,0.0231513103497861,اپلیکیشن مالی,کوتاه و مستقیم
syn_00130,صفحه ورزش و فیتنس,چند قدم ساده برای بهبود ورزش و فیتنس. هزینه‌ها را کاهش دهید. اطلاعات بیشتر.,7110,136,0.01912798874824191,ورزش و فیتنس,توصیه‌محور
syn_00131,صفحه ورزش و فیتنس,راه سریع برای ورزش و فیتنس. کیفیت را بالا ببرید. همین امروز امتحان کنید.,46116,736,0.015959753664671696,ورزش و فیتنس,کوتاه و مستقیم
syn_00132,صفحه اپلیکیشن مالی,هفته پیش به دنبال اپلیکیشن مالی بودم و یک راه بهتر پیدا کردم. کیفیت را بالا ببرید. شروع کنید.,43531,829,0.01904389974960373,اپلیکیشن مالی,داستانی
syn_00133,صفحه اپلیکیشن مالی,راه سریع برای اپلیکیشن مالی. هزینه‌ها را کاهش دهید. همین امروز امتحان کنید.,42226,794,0.01880358073225027,اپلیکیشن مالی,کوتاه و مستقیم
syn_00134,صفحه غذا و نوشیدنی,آیا می‌خواهید غذا و نوشیدنی را بهتر انجام دهید؟ زمان را ذخیره کنید. اطلاعات بیشتر.,45217,758,0.01676360660813411,غذا و نوشیدنی,پرسشی
syn_00135,صفحه ورزش و فیتنس,این توصیه‌ها برای ورزش و فیتنس واقعاً جواب می‌دهند. کیفیت را بالا ببرید. شروع کنید.,1522,19,0.012483574244415242,ورزش و فیتنس,توصیه‌محور
syn_00136,صفحه فروشگاه آنلاین,این توصیه‌ها برای فروشگاه آنلاین واقعاً جواب می‌دهند. کیفیت را بالا ببرید. شروع کنید.,25485,300,0.011771630370806356,فروشگاه آنلاین,توصیه‌محور
syn_00137,صفحه گردشگری,آیا می‌خواهید گردشگری را بهتر انجام دهید؟ زمان را ذخیره کنید. همین امروز امتحان کنید.,47954,803,0.016745214163573423,گردشگری,پرسشی
syn_00138,صفحه غذا و نوشیدنی,غذا و نوشیدنی را همین حالا ساده‌تر کنید. زمان را ذخیره کنید. شروع کنید.,34008,635,0.01867207715831569,غذا و نوشیدنی,کوتاه و مستقیم
syn_00139,صفحه گردشگری,آیا می‌خواهید گردشگری را بهتر انجام دهید؟ زمان را ذخیره کنید. خرید کنید.,11085,207,0.018673883626522326,گردشگری,پرسشی
syn_00140,صفحه فروشگاه آنلاین,چطور می‌شود در فروشگاه آنلاین سریع‌تر پیش رفت؟ نتیجه را سریع‌تر ببینید. شروع کنید.,32826,757,0.02306098824102845,فروشگاه آنلاین,پرسشی
syn_00141,صفحه ورزش و فیتنس,ورزش و فیتنس را همین حالا ساده‌تر کنید. زمان را ذخیره کنید. اطلاعات بیشتر.,7766,177,0.022791655936131857,ورزش و فیتنس,کوتاه و مستقیم
syn_00142,صفحه اپلیکیشن مالی,چطور می‌شود در اپلیکیشن مالی سریع‌تر پیش رفت؟ زمان را ذخیره کنید. اطلاعات بیشتر.,12808,227,0.017723297938788258,اپلیکیشن مالی,پرسشی
syn_00143,صفحه غذا و نوشیدنی,آیا می‌خواهید غذا و نوشیدنی را بهتر انجام دهید؟ هزینه‌ها را کاهش دهید. خرید کنید.,45429,972,0.02139602456580598,غذا و نوشیدنی,پرسشی
syn_00144,صفحه اپلیکیشن مالی,وقتی برای اپلیکیشن مالی زمان ندارید، این راه کمک می‌کند. کیفیت را بالا ببرید. اکنون ثبت‌نام کنید.,1484,16,0.01078167115902965,اپلیکیشن مالی,داستانی
syn_00145,صفحه غذا و نوشیدنی,چند قدم ساده برای بهبود غذا و نوشیدنی. کیفیت را بالا ببرید. اطلاعات بیشتر.,4938,76,0.01539084649655731,غذا و نوشیدنی,توصیه‌محور
syn_00146,صفحه سلامت و تندرستی,آیا می‌خواهید سلامت و تندرستی را بهتر انجام دهید؟ نتیجه را سریع‌تر ببینید. خرید کنید.,44154,932,0.0211079403904516,سلامت و تندرستی,پرسشی
syn_00147,صفحه کتاب و آموزش,چطور می‌شود در کتاب و آموزش سریع‌تر پیش رفت؟ نتیجه را سریع‌تر ببینید. جزئیات بیشتر.,17452,335,0.01919550767820307,کتاب و آموزش,پرسشی
syn_00148,صفحه گردشگری,این توصیه‌ها برای گردشگری واقعاً جواب می‌دهند. هزینه‌ها را کاهش دهید. شروع کنید.,1879,40,0.021287919105907396,گردشگری,توصیه‌محور
syn_00149,صفحه ورزش و فیتنس,این توصیه‌ها برای ورزش و فیتنس واقعاً جواب می‌دهند. کیفیت را بالا ببرید. خرید کنید.,20408,347,0.0170031360250882,ورزش و فیتنس,توصیه‌محور
syn_00150,صفحه کسب‌وکار محلی,وقتی برای کسب‌وکار محلی زمان ندارید، این راه کمک می‌کند. نتیجه را سریع‌تر ببینید. شروع کنید.,30711,558,0.01816938556217642,کسب‌وکار محلی,داستانی
syn_00151,صفحه کسب‌وکار محلی,وقتی برای کسب‌وکار محلی زمان ندارید، این راه کمک می‌کند. هزینه‌ها را کاهش دهید. اطلاعات بیشتر.,46431,687,0.014796149124507333,کسب‌وکار محلی,داستانی
syn_00152,صفحه فروشگاه آنلاین,آیا می‌خواهید فروشگاه آنلاین را بهتر انجام دهید؟ هزینه‌ها را کاهش دهید. شروع کنید.,26670,534,0.02002249718785152,فروشگاه آنلاین,پرسشی
syn_00153,صفحه ورزش و فیتنس,راه سریع برای ورزش و فیتنس. زمان را ذخیره کنید. اکنون ثبت‌نام کنید.,31981,626,0.019574122135017667,ورزش و فیتنس,کوتاه و مستقیم
syn_00154,صفحه اپلیکیشن مالی,هفته پیش به دنبال اپلیکیشن مالی بودم و یک راه بهتر پیدا کردم. هزینه‌ها را کاهش دهید. اکنون ثبت‌نام کنید.,32763,511,0.015596862314195891,اپلیکیشن مالی,داستانی
syn_00155,صفحه سلامت و تندرستی,سلامت و تندرستی را همین حالا ساده‌تر کنید. هزینه‌ها را کاهش دهید. همین امروز امتحان کنید.,28012,422,0.015064972154790805,سلامت و تندرستی,کوتاه و مستقیم
syn_00156,صفحه گردشگری,این توصیه‌ها برای گردشگری واقعاً جواب می‌دهند. کیفیت را بالا ببرید. شروع کنید.,15450,262,0.016957928802588996,گردشگری,توصیه‌محور
syn_00157,صفحه فروشگاه آنلاین,چند قدم ساده برای بهبود فروشگاه آنلاین. کیفیت را بالا ببرید. خرید کنید.,2814,37,0.013148542999289269,فروشگاه آنلاین,توصیه‌محور
syn_00158,صفحه گردشگری,این توصیه‌ها برای گردشگری واقعاً جواب می‌دهند. هزینه‌ها را کاهش دهید. خرید کنید.,13891,240,0.017277373839176446,گردشگری,توصیه‌محور
syn_00159,صفحه غذا و نوشیدنی,هفته پیش به دنبال غذا و نوشیدنی بودم و یک راه بهتر پیدا کردم. نتیجه را سریع‌تر ببینید. اکنون ثبت‌نام کنید.,46295,675,0.01458040825143104,غذا و نوشیدنی,داستانی
syn_00160,صفحه کتاب و آموزش,راه سریع برای کتاب و آموزش. کیفیت را بالا ببرید. خرید کنید.,38324,546,0.014246947082767978,کتاب و آموزش,کوتاه و مستقیم
syn_00161,صفحه گردشگری,هفته پیش به دنبال گردشگری بودم و یک راه بهتر پیدا کردم. زمان را ذخیره کنید. اطلاعات بیشتر.,35892,764,0.02128608046361306,گردشگری,داستانی
syn_00162,صفحه کسب‌وکار محلی,راه سریع برای کسب‌وکار محلی. زمان را ذخیره کنید. شروع کنید.,13738,190,0.01383025185616538,کسب‌وکار محلی,کوتاه و مستقیم
syn_00163,صفحه گردشگری,راه سریع برای گردشگری. کیفیت را بالا ببرید. خرید کنید.,34122,480,0.01406717074028486,گردشگری,کوتاه و مستقیم
syn_00164,صفحه سلامت و تندرستی,این توصیه‌ها برای سلامت و تندرستی واقعاً جواب می‌دهند. زمان را ذخیره کنید. اطلاعات بیشتر.,26590,364,0.013689356901090636,سلامت و تندرستی,توصیه‌محور
syn_00165,صفحه ورزش و فیتنس,این توصیه‌ها برای ورزش و فیتنس واقعاً جواب می‌دهند. هزینه‌ها را کاهش دهید. شروع کنید.,17923,263,0.014673882720526698,ورزش و فیتنس,توصیه‌محور
syn_00166,صفحه غذا و نوشیدنی,چند قدم ساده برای بهبود غذا و نوشیدنی. هزینه‌ها را کاهش دهید. اکنون ثبت‌نام کنید.,43424,753,0.017340641120117906,غذا و نوشیدنی,توصیه‌محور
syn_00167,صفحه کسب‌وکار محلی,این توصیه‌ها برای کسب‌وکار محلی واقعاً جواب می‌دهند. هزینه‌ها را کاهش دهید. جزئیات بیشتر.,10029,152,0.015156047462359159,کسب‌وکار محلی,توصیه‌محور
syn_00168,صفحه گردشگری,چطور می‌شود در گردشگری سریع‌تر پیش رفت؟ زمان را ذخیره کنید. شروع کنید.,6671,112,0.016789087093389297,گردشگری,پرسشی
syn_00169,صفحه کسب‌وکار محلی,وقتی برای کسب‌وکار محلی زمان ندارید، این راه کمک می‌کند. هزینه‌ها را کاهش دهید. جزئیات بیشتر.,29083,526,0.018086167176701164,کسب‌وکار محلی,داستانی
syn_00170,صفحه کسب‌وکار محلی,راه سریع برای کسب‌وکار محلی. زمان را ذخیره کنید. اطلاعات بیشتر.,4855,109,0.022451081359423274,کسب‌وکار محلی,کوتاه و مستقیم
syn_00171,صفحه اپلیکیشن مالی,هفته پیش به دنبال اپلیکیشن مالی بودم و یک راه بهتر پیدا کردم. کیفیت را بالا ببرید. جزئیات بیشتر.,4104,63,0.015350877192982455,اپلیکیشن مالی,داستانی
syn_00172,صفحه ورزش و فیتنس,چطور می‌شود در ورزش و فیتنس سریع‌تر پیش رفت؟ کیفیت را بالا ببرید. شروع کنید.,44459,830,0.018668885939854697,ورزش و فیتنس,پرسشی
syn_00173,صفحه فروشگاه آنلاین,هفته پیش به دنبال فروشگاه آنلاین بودم و یک راه بهتر پیدا کردم. نتیجه را سریع‌تر ببینید. اکنون ثبت‌نام کنید.,47993,676,0.0140853874523368,فروشگاه آنلاین,داستانی
syn_00174,صفحه گردشگری,این توصیه‌ها برای گردشگری واقعاً جواب می‌دهند. هزینه‌ها را کاهش دهید. اطلاعات بیشتر.,49212,844,0.01715028854750874,گردشگری,توصیه‌محور
syn_00175,صفحه سلامت و تندرستی,وقتی برای سلامت و تندرستی زمان ندارید، این راه کمک می‌کند. هزینه‌ها را کاهش دهید. همین امروز امتحان کنید.,37322,619,0.016585391993998177,سلامت و تندرستی,داستانی
syn_00176,صفحه غذا و نوشیدنی,چند قدم ساده برای بهبود غذا و نوشیدنی. هزینه‌ها را کاهش دهید. جزئیات بیشتر.,17873,329,0.01840765400324512,غذا و نوشیدنی,توصیه‌محور
syn_00177,صفحه کسب‌وکار محلی,چند قدم ساده برای بهبود کسب‌وکار محلی. زمان را ذخیره کنید. همین امروز امتحان کنید.,43816,798,0.01821252510498448,کسب‌وکار محلی,توصیه‌محور
syn_00178,صفحه گردشگری,این توصیه‌ها برای گردشگری واقعاً جواب می‌دهند. هزینه‌ها را کاهش دهید. خرید کنید.,47536,922,0.019395826321104006,گردشگری,توصیه‌محور
syn_00179,صفحه کتاب و آموزش,این توصیه‌ها برای کتاب و آموزش واقعاً جواب می‌دهند. کیفیت را بالا ببرید. خرید کنید.,49739,822,0.01652626711433684,کتاب و آموزش,توصیه‌محور
syn_00180,صفحه کتاب و آموزش,آیا می‌خواهید کتاب و آموزش را بهتر انجام دهید؟ هزینه‌ها را کاهش دهید. جزئیات بیشتر.,16516,356,0.0215548558973117,کتاب و آموزش,پرسشی
syn_00181,صفحه غذا و نوشیدنی,چند قدم ساده برای بهبود غذا و نوشیدنی. نتیجه را سریع‌تر ببینید. شروع کنید.,5813,122,0.02098744194047824,غذا و نوشیدنی,توصیه‌محور
syn_00182,صفحه گردشگری,این توصیه‌ها برای گردشگری واقعاً جواب می‌دهند. هزینه‌ها را کاهش دهید. اکنون ثبت‌نام کنید.,37171,493,0.01326302762906567,گردشگری,توصیه‌محور
syn_00183,صفحه اپلیکیشن مالی,این توصیه‌ها برای اپلیکیشن مالی واقعاً جواب می‌دهند. هزینه‌ها را کاهش دهید. خرید کنید.,5867,99,0.016874041247656384,اپلیکیشن مالی,توصیه‌محور
syn_00184,صفحه کتاب و آموزش,چند قدم ساده برای بهبود کتاب و آموزش. زمان را ذخیره کنید. جزئیات بیشتر.,3137,61,0.01944532993305706,کتاب و آموزش,توصیه‌محور
syn_00185,صفحه غذا و نوشیدنی,وقتی برای غذا و نوشیدنی زمان ندارید، این راه کمک می‌کند. نتیجه را سریع‌تر ببینید. خرید کنید.,3307,68,0.020562443302086484,غذا و نوشیدنی,داستانی
syn_00186,صفحه سلامت و تندرستی,سلامت و تندرستی را همین حالا ساده‌تر کنید. هزینه‌ها را کاهش دهید. خرید کنید.,24933,501,0.02009385152207917,سلامت و تندرستی,کوتاه و مستقیم
syn_00187,صفحه کتاب و آموزش,کتاب و آموزش را همین حالا ساده‌تر کنید. هزینه‌ها را کاهش دهید. اطلاعات بیشتر.,20190,408,0.020208023774145618,کتاب و آموزش,کوتاه و مستقیم
syn_00188,صفحه غذا و نوشیدنی,هفته پیش به دنبال غذا و نوشیدنی بودم و یک راه بهتر پیدا کردم. نتیجه را سریع‌تر ببینید. خرید کنید.,14322,253,0.017665130568356373,غذا و نوشیدنی,داستانی
syn_00189,صفحه سلامت و تندرستی,سلامت و تندرستی را همین حالا ساده‌تر کنید. هزینه‌ها را کاهش دهید. جزئیات بیشتر.,24883,440,0.017682755294779567,سلامت و تندرستی,کوتاه و مستقیم
syn_00190,صفحه غذا و نوشیدنی,چطور می‌شود در غذا و نوشیدنی سریع‌تر پیش رفت؟ زمان را ذخیره کنید. اکنون ثبت‌نام کنید.,30195,672,0.022255340288127173,غذا و نوشیدنی,پرسشی
syn_00191,صفحه کسب‌وکار محلی,آیا می‌خواهید کسب‌وکار محلی را بهتر انجام دهید؟ هزینه‌ها را کاهش دهید. جزئیات بیشتر.,12730,277,0.02175962293794187,کسب‌وکار محلی,پرسشی
syn_00192,صفحه غذا و نوشیدنی,چطور می‌شود در غذا و نوشیدنی سریع‌تر پیش رفت؟ نتیجه را سریع‌تر ببینید. خرید کنید.,25142,411,0.016347148198234032,غذا و نوشیدنی,پرسشی
syn_00193,صفحه اپلیکیشن مالی,راه سریع برای اپلیکیشن مالی. زمان را ذخیره کنید. خرید کنید.,23469,328,0.013975883079807405,اپلیکیشن مالی,کوتاه و مستقیم
syn_00194,صفحه کتاب و آموزش,راه سریع برای کتاب و آموزش. کیفیت را بالا ببرید. جزئیات بیشتر.,46698,851,0.018223478521564092,کتاب و آموزش,کوتاه و مستقیم
syn_00195,صفحه گردشگری,راه سریع برای گردشگری. هزینه‌ها را کاهش دهید. اطلاعات بیشتر.,10065,132,0.013114754098360656,گردشگری,کوتاه و مستقیم
syn_00196,صفحه کتاب و آموزش,راه سریع برای کتاب و آموزش. زمان را ذخیره کنید. اکنون ثبت‌نام کنید.,34623,513,0.014816740317130232,کتاب و آموزش,کوتاه و مستقیم
syn_00197,صفحه گردشگری,گردشگری را همین حالا ساده‌تر کنید. هزینه‌ها را کاهش دهید. شروع کنید.,42592,885,0.02077854996243426,گردشگری,کوتاه و مستقیم
syn_00198,صفحه سلامت و تندرستی,هفته پیش به دنبال سلامت و تندرستی بودم و یک راه بهتر پیدا کردم. زمان را ذخیره کنید. اکنون ثبت‌نام کنید.,15123,274,0.018118098260927064,سلامت و تندرستی,داستانی
syn_00199,صفحه کسب‌وکار محلی,کسب‌وکار محلی را همین حالا ساده‌تر کنید. نتیجه را سریع‌تر ببینید. شروع کنید.,13309,336,0.0252460740852055,کسب‌وکار محلی,کوتاه و مستقیم
syn_00200,صفحه گردشگری,چند قدم ساده برای بهبود گردشگری. زمان را ذخیره کنید. اطلاعات بیشتر.,8105,137,0.01690314620604565,گردشگری,توصیه‌محور
syn_00201,صفحه اپلیکیشن مالی,چطور می‌شود در اپلیکیشن مالی سریع‌تر پیش رفت؟ کیفیت را بالا ببرید. اکنون ثبت‌نام کنید.,16465,381,0.02313999392651078,اپلیکیشن مالی,پرسشی
syn_00202,صفحه فروشگاه آنلاین,وقتی برای فروشگاه آنلاین زمان ندارید، این راه کمک می‌کند. کیفیت را بالا ببرید. جزئیات بیشتر.,43204,859,0.019882418294602352,فروشگاه آنلاین,داستانی
syn_00203,صفحه فروشگاه آنلاین,فروشگاه آنلاین را همین حالا ساده‌تر کنید. نتیجه را سریع‌تر ببینید. جزئیات بیشتر.,2267,44,0.01940891045434495,فروشگاه آنلاین,کوتاه و مستقیم
syn_00204,صفحه غذا و نوشیدنی,این توصیه‌ها برای غذا و نوشیدنی واقعاً جواب می‌دهند. کیفیت را بالا ببرید. اطلاعات بیشتر.,8078,150,0.018568952711067097,غذا و نوشیدنی,توصیه‌محور
syn_00205,صفحه گردشگری,راه سریع برای گردشگری. نتیجه را سریع‌تر ببینید. شروع کنید.,30016,345,0.011493869936034115,گردشگری,کوتاه و مستقیم
syn_00206,صفحه گردشگری,راه سریع برای گردشگری. کیفیت را بالا ببرید. اطلاعات بیشتر.,13837,135,0.009756450097564501,گردشگری,کوتاه و مستقیم
syn_00207,صفحه اپلیکیشن مالی,راه سریع برای اپلیکیشن مالی. نتیجه را سریع‌تر ببینید. شروع کنید.,997,15,0.015045135406218655,اپلیکیشن مالی,کوتاه و مستقیم
syn_00208,صفحه کتاب و آموزش,چطور می‌شود در کتاب و آموزش سریع‌تر پیش رفت؟ کیفیت را بالا ببرید. شروع کنید.,5282,114,0.02158273381294964,کتاب و آموزش,پرسشی
syn_00209,صفحه غذا و نوشیدنی,چطور می‌شود در غذا و نوشیدنی سریع‌تر پیش رفت؟ کیفیت را بالا ببرید. همین امروز امتحان کنید.,44114,837,0.01897356848166115,غذا و نوشیدنی,پرسشی
syn_00210,صفحه ورزش و فیتنس,ورزش و فیتنس را همین حالا ساده‌تر کنید. نتیجه را سریع‌تر ببینید. خرید کنید.,17700,345,0.019491525423728815,ورزش و فیتنس,کوتاه و مستقیم
syn_00211,صفحه کسب‌وکار محلی,راه سریع برای کسب‌وکار محلی. کیفیت را بالا ببرید. خرید کنید.,33450,640,0.019133034379671152,کسب‌وکار محلی,کوتاه و مستقیم
syn_00212,صفحه ورزش و فیتنس,چند قدم ساده برای بهبود ورزش و فیتنس. نتیجه را سریع‌تر ببینید. اطلاعات بیشتر.,31288,584,0.01866530299156226,ورزش و فیتنس,توصیه‌محور
syn_00213,صفحه سلامت و تندرستی,این توصیه‌ها برای سلامت و تندرستی واقعاً جواب می‌دهند. نتیجه را سریع‌تر ببینید. اکنون ثبت‌نام کنید.,30849,582,0.01886608966254984,سلامت و تندرستی,توصیه‌محور
syn_00214,صفحه اپلیکیشن مالی,چند قدم ساده برای بهبود اپلیکیشن مالی. نتیجه را سریع‌تر ببینید. خرید کنید.,2530,40,0.015810276679841896,اپلیکیشن مالی,توصیه‌محور
syn_00215,صفحه غذا و نوشیدنی,چطور می‌شود در غذا و نوشیدنی سریع‌تر پیش رفت؟ کیفیت را بالا ببرید. جزئیات بیشتر.,39964,778,0.019467520768691824,غذا و نوشیدنی,پرسشی
syn_00216,صفحه گردشگری,گردشگری را همین حالا ساده‌تر کنید. هزینه‌ها را کاهش دهید. جزئیات بیشتر.,23864,417,0.01747401944351324,گردشگری,کوتاه و مستقیم
syn_00217,صفحه کسب‌وکار محلی,هفته پیش به دنبال کسب‌وکار محلی بودم و یک راه بهتر پیدا کردم. زمان را ذخیره کنید. خرید کنید.,8149,148,0.018161737636519817,کسب‌وکار محلی,داستانی
syn_00218,صفحه غذا و نوشیدنی,آیا می‌خواهید غذا و نوشیدنی را بهتر انجام دهید؟ زمان را ذخیره کنید. همین امروز امتحان کنید.,32506,530,0.01630468221251461,غذا و نوشیدنی,پرسشی
syn_00219,صفحه کسب‌وکار محلی,چطور می‌شود در کسب‌وکار محلی سریع‌تر پیش رفت؟ زمان را ذخیره کنید. اکنون ثبت‌نام کنید.,44015,1030,0.02340111325684426,کسب‌وکار محلی,پرسشی
syn_00220,صفحه کسب‌وکار محلی,وقتی برای کسب‌وکار محلی زمان ندارید، این راه کمک می‌کند. کیفیت را بالا ببرید. جزئیات بیشتر.,35214,596,0.01692508661327881,کسب‌وکار محلی,داستانی
syn_00221,صفحه اپلیکیشن مالی,چطور می‌شود در اپلیکیشن مالی سریع‌تر پیش رفت؟ نتیجه را سریع‌تر ببینید. جزئیات بیشتر.,43386,939,0.021642926289586504,اپلیکیشن مالی,پرسشی
syn_00222,صفحه اپلیکیشن مالی,راه سریع برای اپلیکیشن مالی. هزینه‌ها را کاهش دهید. شروع کنید.,49410,1084,0.021938878769479864,اپلیکیشن مالی,کوتاه و مستقیم
syn_00223,صفحه گردشگری,راه سریع برای گردشگری. کیفیت را بالا ببرید. اکنون ثبت‌نام کنید.,19355,348,0.017979850167915267,گردشگری,کوتاه و مستقیم
syn_00224,صفحه غذا و نوشیدنی,این توصیه‌ها برای غذا و نوشیدنی واقعاً جواب می‌دهند. زمان را ذخیره کنید. شروع کنید.,19726,386,0.01956808273344824,غذا و نوشیدنی,توصیه‌محور
syn_00225,صفحه گردشگری,این توصیه‌ها برای گردشگری واقعاً جواب می‌دهند. زمان را ذخیره کنید. اطلاعات بیشتر.,20929,353,0.016866548807874242,گردشگری,توصیه‌محور
syn_00226,صفحه کسب‌وکار محلی,چند قدم ساده برای بهبود کسب‌وکار محلی. زمان را ذخیره کنید. همین امروز امتحان کنید.,38630,692,0.017913538700491845,کسب‌وکار محلی,توصیه‌محور
syn_00227,صفحه فروشگاه آنلاین,آیا می‌خواهید فروشگاه آنلاین را بهتر انجام دهید؟ زمان را ذخیره کنید. اکنون ثبت‌نام کنید.,7250,145,0.02,فروشگاه آنلاین,پرسشی
syn_00228,صفحه غذا و نوشیدنی,هفته پیش به دنبال غذا و نوشیدنی بودم و یک راه بهتر پیدا کردم. نتیجه را سریع‌تر ببینید. جزئیات بیشتر.,24065,385,0.015998337835030126,غذا و نوشیدنی,داستانی
syn_00229,صفحه ورزش و فیتنس,چند قدم ساده برای بهبود ورزش و فیتنس. نتیجه را سریع‌تر ببینید. شروع کنید.,37872,730,0.01927545416138572,ورزش و فیتنس,توصیه‌محور
syn_00230,صفحه ورزش و فیتنس,چند قدم ساده برای بهبود ورزش و فیتنس. نتیجه را سریع‌تر ببینید. اطلاعات بیشتر.,23171,373,0.016097708342324456,ورزش و فیتنس,توصیه‌محور
syn_00231,صفحه ورزش و فیتنس,آیا می‌خواهید ورزش و فیتنس را بهتر انجام دهید؟ هزینه‌ها را کاهش دهید. اطلاعات بیشتر.,13564,306,0.022559716897670303,ورزش و فیتنس,پرسشی
syn_00232,صفحه کسب‌وکار محلی,آیا می‌خواهید کسب‌وکار محلی را بهتر انجام دهید؟ کیفیت را بالا ببرید. جزئیات بیشتر.,12314,190,0.015429592333928861,کسب‌وکار محلی,پرسشی
syn_00233,صفحه اپلیکیشن مالی,هفته پیش به دنبال اپلیکیشن مالی بودم و یک راه بهتر پیدا کردم. نتیجه را سریع‌تر ببینید. همین امروز امتحان کنید.,13219,266,0.020122550873742342,اپلیکیشن مالی,داستانی
syn_00234,صفحه گردشگری,چطور می‌شود در گردشگری سریع‌تر پیش رفت؟ زمان را ذخیره کنید. همین امروز امتحان کنید.,20978,369,0.017589856039660595,گردشگری,پرسشی
syn_00235,صفحه سلامت و تندرستی,هفته پیش به دنبال سلامت و تندرستی بودم و یک راه بهتر پیدا کردم. هزینه‌ها را کاهش دهید. اکنون ثبت‌نام کنید.,7579,112,0.014777675155033646,سلامت و تندرستی,داستانی
syn_00236,صفحه کسب‌وکار محلی,چطور می‌شود در کسب‌وکار محلی سریع‌تر پیش رفت؟ کیفیت را بالا ببرید. اطلاعات بیشتر.,23153,477,0.020602081803653954,کسب‌وکار محلی,پرسشی
syn_00237,صفحه اپلیکیشن مالی,راه سریع برای اپلیکیشن مالی. نتیجه را سریع‌تر ببینید. اکنون ثبت‌نام کنید.,8687,144,0.01657649361114309,اپلیکیشن مالی,کوتاه و مستقیم
syn_00238,صفحه اپلیکیشن مالی,وقتی برای اپلیکیشن مالی زمان ندارید، این راه کمک می‌کند. کیفیت را بالا ببرید. جزئیات بیشتر.,6260,121,0.019329073482428114,اپلیکیشن مالی,داستانی
syn_00239,صفحه سلامت و تندرستی,آیا می‌خواهید سلامت و تندرستی را بهتر انجام دهید؟ نتیجه را سریع‌تر ببینید. همین امروز امتحان کنید.,38192,677,0.01772622538751571,سلامت و تندرستی,پرسشی
syn_00240,صفحه سلامت و تندرستی,آیا می‌خواهید سلامت و تندرستی را بهتر انجام دهید؟ کیفیت را بالا ببرید. همین امروز امتحان کنید.,19736,356,0.018038102959059586,سلامت و تندرستی,پرسشی
syn_00241,صفحه کتاب و آموزش,آیا می‌خواهید کتاب و آموزش را بهتر انجام دهید؟ هزینه‌ها را کاهش دهید. اطلاعات بیشتر.,13815,301,0.02178791169019182,کتاب و آموزش,پرسشی
syn_00242,صفحه سلامت و تندرستی,این توصیه‌ها برای سلامت و تندرستی واقعاً جواب می‌دهند. نتیجه را سریع‌تر ببینید. همین امروز امتحان کنید.,7397,165,0.022306340408273624,سلامت و تندرستی,توصیه‌محور
syn_00243,صفحه کتاب و آموزش,چطور می‌شود در کتاب و آموزش سریع‌تر پیش رفت؟ کیفیت را بالا ببرید. خرید کنید.,42685,904,0.021178399906290266,کتاب و آموزش,پرسشی
syn_00244,صفحه کسب‌وکار محلی,چند قدم ساده برای بهبود کسب‌وکار محلی. زمان را ذخیره کنید. جزئیات بیشتر.,2598,39,0.015011547344110854,کسب‌وکار محلی,توصیه‌محور
syn_00245,صفحه سلامت و تندرستی,سلامت و تندرستی را همین حالا ساده‌تر کنید. نتیجه را سریع‌تر ببینید. جزئیات بیشتر.,47048,848,0.0180241455534773,سلامت و تندرستی,کوتاه و مستقیم
syn_00246,صفحه کسب‌وکار محلی,راه سریع برای کسب‌وکار محلی. کیفیت را بالا ببرید. همین امروز امتحان کنید.,18498,293,0.015839550221645585,کسب‌وکار محلی,کوتاه و مستقیم
syn_00247,صفحه غذا و نوشیدنی,چند قدم ساده برای بهبود غذا و نوشیدنی. هزینه‌ها را کاهش دهید. همین امروز امتحان کنید.,6982,142,0.020338012030936693,غذا و نوشیدنی,توصیه‌محور
syn_00248,صفحه کتاب و آموزش,وقتی برای کتاب و آموزش زمان ندارید، این راه کمک می‌کند. کیفیت را بالا ببرید. اکنون ثبت‌نام کنید.,8888,138,0.015526552655265527,کتاب و آموزش,داستانی
syn_00249,صفحه اپلیکیشن مالی,راه سریع برای اپلیکیشن مالی. زمان را ذخیره کنید. اکنون ثبت‌نام کنید.,13256,241,0.018180446590223297,اپلیکیشن مالی,کوتاه و مستقیم
syn_00250,صفحه فروشگاه آنلاین,این توصیه‌ها برای فروشگاه آنلاین واقعاً جواب می‌دهند. نتیجه را سریع‌تر ببینید. شروع کنید.,48570,1025,0.02110356186946675,فروشگاه آنلاین,توصیه‌محور
syn_00251,صفحه گردشگری,چند قدم ساده برای بهبود گردشگری. کیفیت را بالا ببرید. خرید کنید.,20502,255,0.012437810945273632,گردشگری,توصیه‌محور
syn_00252,صفحه کسب‌وکار محلی,آیا می‌خواهید کسب‌وکار محلی را بهتر انجام دهید؟ زمان را ذخیره کنید. شروع کنید.,42089,739,0.017558031789778803,کسب‌وکار محلی,پرسشی
syn_00253,صفحه غذا و نوشیدنی,چطور می‌شود در غذا و نوشیدنی سریع‌تر پیش رفت؟ کیفیت را بالا ببرید. شروع کنید.,8321,149,0.017906501622401153,غذا و نوشیدنی,پرسشی
syn_00254,صفحه کتاب و آموزش,کتاب و آموزش را همین حالا ساده‌تر کنید. نتیجه را سریع‌تر ببینید. اکنون ثبت‌نام کنید.,3461,86,0.02484830973707021,کتاب و آموزش,کوتاه و مستقیم
syn_00255,صفحه گردشگری,چطور می‌شود در گردشگری سریع‌تر پیش رفت؟ کیفیت را بالا ببرید. اطلاعات بیشتر.,37741,763,0.020216740414933362,گردشگری,پرسشی
syn_00256,صفحه فروشگاه آنلاین,هفته پیش به دنبال فروشگاه آنلاین بودم و یک راه بهتر پیدا کردم. هزینه‌ها را کاهش دهید. اکنون ثبت‌نام کنید.,27989,516,0.01843581406981314,فروشگاه آنلاین,داستانی
syn_00257,صفحه سلامت و تندرستی,راه سریع برای سلامت و تندرستی. هزینه‌ها را کاهش دهید. اکنون ثبت‌نام کنید.,49673,987,0.01986994946953073,سلامت و تندرستی,کوتاه و مستقیم
syn_00258,صفحه کتاب و آموزش,چند قدم ساده برای بهبود کتاب و آموزش. نتیجه را سریع‌تر ببینید. خرید کنید.,25239,484,0.01917667102500099,کتاب و آموزش,توصیه‌محور
syn_00259,صفحه کسب‌وکار محلی,چطور می‌شود در کسب‌وکار محلی سریع‌تر پیش رفت؟ کیفیت را بالا ببرید. همین امروز امتحان کنید.,20132,361,0.017931651102722036,کسب‌وکار محلی,پرسشی
syn_00260,صفحه گردشگری,چطور می‌شود در گردشگری سریع‌تر پیش رفت؟ کیفیت را بالا ببرید. اطلاعات بیشتر.,4384,95,0.02166970802919708,گردشگری,پرسشی
syn_00261,صفحه اپلیکیشن مالی,این توصیه‌ها برای اپلیکیشن مالی واقعاً جواب می‌دهند. هزینه‌ها را کاهش دهید. همین امروز امتحان کنید.,24060,450,0.018703241895261846,اپلیکیشن مالی,توصیه‌محور
syn_00262,صفحه گردشگری,آیا می‌خواهید گردشگری را بهتر انجام دهید؟ هزینه‌ها را کاهش دهید. اطلاعات بیشتر.,49408,1126,0.022789831606217618,گردشگری,پرسشی
syn_00263,صفحه گردشگری,این توصیه‌ها برای گردشگری واقعاً جواب می‌دهند. کیفیت را بالا ببرید. همین امروز امتحان کنید.,22921,371,0.016186030277911087,گردشگری,توصیه‌محور
syn_00264,صفحه گردشگری,وقتی برای گردشگری زمان ندارید، این راه کمک می‌کند. هزینه‌ها را کاهش دهید. جزئیات بیشتر.,36948,797,0.021570856338638086,گردشگری,داستانی
syn_00265,صفحه سلامت و تندرستی,راه سریع برای سلامت و تندرستی. نتیجه را سریع‌تر ببینید. همین امروز امتحان کنید.,37134,714,0.019227661980933914,سلامت و تندرستی,کوتاه و مستقیم
syn_00266,صفحه سلامت و تندرستی,آیا می‌خواهید سلامت و تندرستی را بهتر انجام دهید؟ هزینه‌ها را کاهش دهید. شروع کنید.,10123,223,0.02202904277388126,سلامت و تندرستی,پرسشی
syn_00267,صفحه اپلیکیشن مالی,این توصیه‌ها برای اپلیکیشن مالی واقعاً جواب می‌دهند. نتیجه را سریع‌تر ببینید. همین امروز امتحان کنید.,32635,632,0.019365711659261528,اپلیکیشن مالی,توصیه‌محور
syn_00268,صفحه کسب‌وکار محلی,آیا می‌خواهید کسب‌وکار محلی را بهتر انجام دهید؟ هزینه‌ها را کاهش دهید. اطلاعات بیشتر.,7259,141,0.019424163107866096,کسب‌وکار محلی,پرسشی
syn_00269,صفحه غذا و نوشیدنی,چطور می‌شود در غذا و نوشیدنی سریع‌تر پیش رفت؟ نتیجه را سریع‌تر ببینید. شروع کنید.,33051,555,0.016792230189706818,غذا و نوشیدنی,پرسشی
syn_00270,صفحه کسب‌وکار محلی,این توصیه‌ها برای کسب‌وکار محلی واقعاً جواب می‌دهند. کیفیت را بالا ببرید. همین امروز امتحان کنید.,37761,592,0.01567755091231694,کسب‌وکار محلی,توصیه‌محور
syn_00271,صفحه کتاب و آموزش,این توصیه‌ها برای کتاب و آموزش واقعاً جواب می‌دهند. کیفیت را بالا ببرید. اطلاعات بیشتر.,12936,223,0.017238713667285094,کتاب و آموزش,توصیه‌محور
syn_00272,صفحه ورزش و فیتنس,آیا می‌خواهید ورزش و فیتنس را بهتر انجام دهید؟ کیفیت را بالا ببرید. همین امروز امتحان کنید.,45787,930,0.020311442112389978,ورزش و فیتنس,پرسشی
syn_00273,صفحه فروشگاه آنلاین,وقتی برای فروشگاه آنلاین زمان ندارید، این راه کمک می‌کند. کیفیت را بالا ببرید. اطلاعات بیشتر.,45588,572,0.012547161533736948,فروشگاه آنلاین,داستانی
syn_00274,صفحه کتاب و آموزش,آیا می‌خواهید کتاب و آموزش را بهتر انجام دهید؟ زمان را ذخیره کنید. شروع کنید.,15939,302,0.018947236338540688,کتاب و آموزش,پرسشی
syn_00275,صفحه کتاب و آموزش,وقتی برای کتاب و آموزش زمان ندارید، این راه کمک می‌کند. زمان را ذخیره کنید. خرید کنید.,31573,626,0.019827067431032845,کتاب و آموزش,داستانی
syn_00276,صفحه کسب‌وکار محلی,آیا می‌خواهید کسب‌وکار محلی را بهتر انجام دهید؟ کیفیت را بالا ببرید. اکنون ثبت‌نام کنید.,35279,689,0.01953003203038635,کسب‌وکار محلی,پرسشی
syn_00277,صفحه غذا و نوشیدنی,این توصیه‌ها برای غذا و نوشیدنی واقعاً جواب می‌دهند. زمان را ذخیره کنید. همین امروز امتحان کنید.,43855,871,0.019860905255957132,غذا و نوشیدنی,توصیه‌محور
syn_00278,صفحه کسب‌وکار محلی,چطور می‌شود در کسب‌وکار محلی سریع‌تر پیش رفت؟ زمان را ذخیره کنید. خرید کنید.,35469,809,0.022808649806873606,کسب‌وکار محلی,پرسشی
syn_00279,صفحه ورزش و فیتنس,چطور می‌شود در ورزش و فیتنس سریع‌تر پیش رفت؟ کیفیت را بالا ببرید. اطلاعات بیشتر.,24899,438,0.01759106791437407,ورزش و فیتنس,پرسشی
syn_00280,صفحه فروشگاه آنلاین,وقتی برای فروشگاه آنلاین زمان ندارید، این راه کمک می‌کند. هزینه‌ها را کاهش دهید. جزئیات بیشتر.,35231,566,0.016065396951548353,فروشگاه آنلاین,داستانی
syn_00281,صفحه غذا و نوشیدنی,این توصیه‌ها برای غذا و نوشیدنی واقعاً جواب می‌دهند. هزینه‌ها را کاهش دهید. جزئیات بیشتر.,12619,244,0.019335922022347254,غذا و نوشیدنی,توصیه‌محور
syn_00282,صفحه غذا و نوشیدنی,غذا و نوشیدنی را همین حالا ساده‌تر کنید. کیفیت را بالا ببرید. خرید کنید.,33145,708,0.02136068788655906,غذا و نوشیدنی,کوتاه و مستقیم
syn_00283,صفحه فروشگاه آنلاین,آیا می‌خواهید فروشگاه آنلاین را بهتر انجام دهید؟ زمان را ذخیره کنید. جزئیات بیشتر.,40949,795,0.019414393513883122,فروشگاه آنلاین,پرسشی
syn_00284,صفحه ورزش و فیتنس,ورزش و فیتنس را همین حالا ساده‌تر کنید. کیفیت را بالا ببرید. خرید کنید.,12338,254,0.020586804992705463,ورزش و فیتنس,کوتاه و مستقیم
syn_00285,صفحه کتاب و آموزش,این توصیه‌ها برای کتاب و آموزش واقعاً جواب می‌دهند. کیفیت را بالا ببرید. خرید کنید.,7605,130,0.017094017094017096,کتاب و آموزش,توصیه‌محور
syn_00286,صفحه کتاب و آموزش,وقتی برای کتاب و آموزش زمان ندارید، این راه کمک می‌کند. کیفیت را بالا ببرید. شروع کنید.,43984,1146,0.02605492906511459,کتاب و آموزش,داستانی
syn_00287,صفحه ورزش و فیتنس,چند قدم ساده برای بهبود ورزش و فیتنس. نتیجه را سریع‌تر ببینید. اطلاعات بیشتر.,46698,805,0.017238425628506575,ورزش و فیتنس,توصیه‌محور
syn_00288,صفحه کسب‌وکار محلی,کسب‌وکار محلی را همین حالا ساده‌تر کنید. زمان را ذخیره کنید. اکنون ثبت‌نام کنید.,11801,197,0.01669350055080078,کسب‌وکار محلی,کوتاه و مستقیم
syn_00289,صفحه اپلیکیشن مالی,وقتی برای اپلیکیشن مالی زمان ندارید، این راه کمک می‌کند. هزینه‌ها را کاهش دهید. جزئیات بیشتر.,33441,647,0.019347507550611525,اپلیکیشن مالی,داستانی
syn_00290,صفحه کسب‌وکار محلی,این توصیه‌ها برای کسب‌وکار محلی واقعاً جواب می‌دهند. کیفیت را بالا ببرید. همین امروز امتحان کنید.,15317,275,0.017953907423124634,کسب‌وکار محلی,توصیه‌محور
syn_00291,صفحه کتاب و آموزش,وقتی برای کتاب و آموزش زمان ندارید، این راه کمک می‌کند. نتیجه را سریع‌تر ببینید. اطلاعات بیشتر.,34559,674,0.019502879134234208,کتاب و آموزش,داستانی
syn_00292,صفحه سلامت و تندرستی,آیا می‌خواهید سلامت و تندرستی را بهتر انجام دهید؟ کیفیت را بالا ببرید. شروع کنید.,16566,372,0.022455632017385006,سلامت و تندرستی,پرسشی
syn_00293,صفحه کتاب و آموزش,این توصیه‌ها برای کتاب و آموزش واقعاً جواب می‌دهند. زمان را ذخیره کنید. همین امروز امتحان کنید.,16461,282,0.017131401494441405,کتاب و آموزش,توصیه‌محور
syn_00294,صفحه گردشگری,گردشگری را همین حالا ساده‌تر کنید. هزینه‌ها را کاهش دهید. خرید کنید.,34314,650,0.018942705601212334,گردشگری,کوتاه و مستقیم
syn_00295,صفحه فروشگاه آنلاین,هفته پیش به دنبال فروشگاه آنلاین بودم و یک راه بهتر پیدا کردم. کیفیت را بالا ببرید. خرید کنید.,41740,717,0.017177767129851463,فروشگاه آنلاین,داستانی
syn_00296,صفحه اپلیکیشن مالی,آیا می‌خواهید اپلیکیشن مالی را بهتر انجام دهید؟ کیفیت را بالا ببرید. خرید کنید.,28837,581,0.020147726878662828,اپلیکیشن مالی,پرسشی
syn_00297,صفحه کسب‌وکار محلی,این توصیه‌ها برای کسب‌وکار محلی واقعاً جواب می‌دهند. هزینه‌ها را کاهش دهید. اکنون ثبت‌نام کنید.,44050,825,0.01872871736662883,کسب‌وکار محلی,توصیه‌محور
syn_00298,صفحه کسب‌وکار محلی,وقتی برای کسب‌وکار محلی زمان ندارید، این راه کمک می‌کند. زمان را ذخیره کنید. خرید کنید.,5071,97,0.019128377045947546,کسب‌وکار محلی,داستانی
syn_00299,صفحه گردشگری,وقتی برای گردشگری زمان ندارید، این راه کمک می‌کند. هزینه‌ها را کاهش دهید. همین امروز امتحان کنید.,22266,392,0.01760531752447678,گردشگری,داستانی
